FI_range,samples,MAE,RMSE,Max_abs_error
<0.50,687,0.003366652706126223,0.005253334278811744,0.035019771925034915
0.50–0.80,407,0.004417251732950535,0.0071326511555193355,0.04451997269812469
0.80–0.90,103,0.00399246864939262,0.005736631465232959,0.024761223254764264
0.90–0.95,151,0.004957758587224085,0.00799355013312394,0.050057119677837436
0.95–1.00,162,0.010685690702929093,0.06979272620061662,0.8800007072066471
1.00–1.05,145,0.004318022543516549,0.0062899164595792935,0.030699870289457643
1.05–1.10,150,0.0058438608697973455,0.011540238956749075,0.059960128273807145
1.10–1.20,223,0.006615565986708705,0.010603327034310293,0.05713481607940962
1.20–1.50,573,0.0063096499834127545,0.01038847473105119,0.07126055617703697
1.50–2.00,260,0.010459034432510308,0.01747312940637304,0.13950266233494646
≥2.00,139,0.016092008816090922,0.02619281614367312,0.17506148922386977
