actual_FI,predicted_FI,error,absolute_error
2.215056205868157,2.0469704,-0.16808583843651626,0.16808583843651626
1.8257435511158453,1.7454158,-0.08032774434552059,0.08032774434552059
0.9052324826018256,0.9826268,0.07739431316691214,0.07739431316691214
1.3238154490819236,1.2491014,-0.0747140487065574,0.0747140487065574
1.4130872296032662,1.344177,-0.06891022192809526,0.06891022192809526
0.9534906181717708,1.0205808,0.06709015041343425,0.06709015041343425
1.4159225246197886,1.3502116,-0.06571090428897808,0.06571090428897808
2.0719575511039032,2.0062642,-0.06569334135658877,0.06569334135658877
1.649295227974008,1.5841112,-0.06518401428992604,0.06518401428992604
1.9942651809115135,2.057065,0.06279982915928728,0.06279982915928728
1.6418000221867184,1.7041316,0.06233158105424841,0.06233158105424841
2.065492155895231,2.003498,-0.061994078502652705,0.061994078502652705
1.951664566655652,1.892112,-0.05955254997779558,0.05955254997779558
1.7819632450742011,1.7285454,-0.05341781775181342,0.05341781775181342
2.107611672146648,2.054438,-0.05317355798038825,0.05317355798038825
1.25380553345309,1.3053323,0.051526769594090194,0.051526769594090194
1.0551730171647078,1.0045292,-0.05064377941751541,0.05064377941751541
1.5684357914478058,1.5188184,-0.04961741299931943,0.04961741299931943
2.188958778671237,2.1395671,-0.049391641906710415,0.049391641906710415
1.2436098360461436,1.1993837,-0.04422610038940533,0.04422610038940533
