loading_case,criterion,base_Nx_N_per_m,base_Ny_N_per_m,base_Nxy_N_per_m,critical_load_factor,critical_Nx_N_per_m,critical_Ny_N_per_m,critical_Nxy_N_per_m,failure_index,ply,angle_deg,surface,failure_mode
Longitudinal tension,Maximum Stress,100000.0,0.0,0.0,3.1565871238708496,315658.71238708496,0.0,0.0,1.000000008157758,4,90.0,bottom,
Longitudinal tension,Maximum Strain,100000.0,0.0,0.0,2.9028029441833496,290280.29441833496,0.0,0.0,0.999999849968333,4,90.0,bottom,
Longitudinal tension,Tsai-Hill,100000.0,0.0,0.0,3.0992484092712402,309924.840927124,0.0,0.0,0.999999975703301,4,90.0,bottom,
Longitudinal tension,Tsai-Wu,100000.0,0.0,0.0,2.996525287628174,299652.5287628174,0.0,0.0,1.0000001452286345,4,90.0,bottom,
Longitudinal tension,Hoffman,100000.0,0.0,0.0,3.0061230659484863,300612.30659484863,0.0,0.0,1.0000001835417809,4,90.0,bottom,
Longitudinal tension,Hashin,100000.0,0.0,0.0,3.1565871238708496,315658.71238708496,0.0,0.0,1.000000016315516,4,90.0,bottom,matrix_tension
Longitudinal tension,Puck,100000.0,0.0,0.0,3.1565871238708496,315658.71238708496,0.0,0.0,1.000000008157758,4,90.0,bottom,IFF_A_tension
Transverse tension,Maximum Stress,0.0,100000.0,0.0,3.1565871238708496,0.0,315658.71238708496,0.0,1.0000000081577582,1,0.0,bottom,
Transverse tension,Maximum Strain,0.0,100000.0,0.0,2.9028029441833496,0.0,290280.29441833496,0.0,0.9999998499683332,1,0.0,bottom,
Transverse tension,Tsai-Hill,0.0,100000.0,0.0,3.0992484092712402,0.0,309924.840927124,0.0,0.9999999757033017,1,0.0,bottom,
Transverse tension,Tsai-Wu,0.0,100000.0,0.0,2.996525287628174,0.0,299652.5287628174,0.0,1.0000001452286347,1,0.0,bottom,
Transverse tension,Hoffman,0.0,100000.0,0.0,3.0061230659484863,0.0,300612.30659484863,0.0,1.0000001835417809,1,0.0,bottom,
Transverse tension,Hashin,0.0,100000.0,0.0,3.1565871238708496,0.0,315658.71238708496,0.0,1.0000000163155165,1,0.0,bottom,matrix_tension
Transverse tension,Puck,0.0,100000.0,0.0,3.1565871238708496,0.0,315658.71238708496,0.0,1.0000000081577582,1,0.0,bottom,IFF_A_tension
In-plane shear,Maximum Stress,0.0,0.0,100000.0,2.950709819793701,0.0,0.0,295070.9819793701,1.0000001330941306,3,-45.0,top,
In-plane shear,Maximum Strain,0.0,0.0,100000.0,2.1926207542419434,0.0,0.0,219262.07542419434,0.9999998672699555,3,-45.0,bottom,
In-plane shear,Tsai-Hill,0.0,0.0,100000.0,2.3959498405456543,0.0,0.0,239594.98405456543,0.999999603526612,3,-45.0,bottom,
In-plane shear,Tsai-Wu,0.0,0.0,100000.0,2.144138813018799,0.0,0.0,214413.88130187988,0.9999999035126655,3,-45.0,bottom,
In-plane shear,Hoffman,0.0,0.0,100000.0,2.1591057777404785,0.0,0.0,215910.57777404785,1.0000000429736238,3,-45.0,bottom,
In-plane shear,Hashin,0.0,0.0,100000.0,2.950709819793701,0.0,0.0,295070.9819793701,1.000000266188279,3,-45.0,top,matrix_tension
In-plane shear,Puck,0.0,0.0,100000.0,2.950709819793701,0.0,0.0,295070.9819793701,1.0000001330941306,3,-45.0,top,IFF_A_tension
Biaxial tension,Maximum Stress,100000.0,100000.0,0.0,3.3933491706848145,339334.91706848145,339334.91706848145,0.0,1.0000001347596288,2,45.0,bottom,
Biaxial tension,Maximum Strain,100000.0,100000.0,0.0,4.293430805206299,429343.0805206299,429343.0805206299,0.0,1.000000038863954,2,45.0,bottom,
Biaxial tension,Tsai-Hill,100000.0,100000.0,0.0,3.240384578704834,324038.4578704834,324038.4578704834,0.0,1.0000001484023617,2,45.0,bottom,
Biaxial tension,Tsai-Wu,100000.0,100000.0,0.0,3.308457851409912,330845.7851409912,330845.7851409912,0.0,1.0000001518554935,2,45.0,bottom,
Biaxial tension,Hoffman,100000.0,100000.0,0.0,3.2844901084899902,328449.010848999,328449.010848999,0.0,0.9999998940734364,2,45.0,bottom,
Biaxial tension,Hashin,100000.0,100000.0,0.0,3.3933491706848145,339334.91706848145,339334.91706848145,0.0,1.0000002695192758,2,45.0,bottom,matrix_tension
Biaxial tension,Puck,100000.0,100000.0,0.0,3.3933491706848145,339334.91706848145,339334.91706848145,0.0,1.0000001347596288,2,45.0,bottom,IFF_A_tension
Tension-compression,Maximum Stress,100000.0,-100000.0,0.0,2.950709819793701,295070.9819793701,-295070.9819793701,0.0,1.0000001330941308,4,90.0,bottom,
Tension-compression,Maximum Strain,100000.0,-100000.0,0.0,2.1926207542419434,219262.07542419434,-219262.07542419434,0.0,0.9999998672699559,4,90.0,bottom,
Tension-compression,Tsai-Hill,100000.0,-100000.0,0.0,2.3959498405456543,239594.98405456543,-239594.98405456543,0.0,0.9999996035266128,4,90.0,bottom,
Tension-compression,Tsai-Wu,100000.0,-100000.0,0.0,2.144138813018799,214413.88130187988,-214413.88130187988,0.0,0.9999999035126661,4,90.0,bottom,
Tension-compression,Hoffman,100000.0,-100000.0,0.0,2.1591057777404785,215910.57777404785,-215910.57777404785,0.0,1.0000000429736242,4,90.0,bottom,
Tension-compression,Hashin,100000.0,-100000.0,0.0,2.950709819793701,295070.9819793701,-295070.9819793701,0.0,1.0000002661882794,4,90.0,bottom,matrix_tension
Tension-compression,Puck,100000.0,-100000.0,0.0,2.950709819793701,295070.9819793701,-295070.9819793701,0.0,1.0000001330941308,4,90.0,bottom,IFF_A_tension
Combined loading,Maximum Stress,100000.0,50000.0,20000.0,3.270688533782959,327068.8533782959,163534.42668914795,65413.77067565918,0.999999926222348,4,90.0,bottom,
Combined loading,Maximum Strain,100000.0,50000.0,20000.0,3.463752269744873,346375.2269744873,173187.61348724365,69275.04539489746,1.000000079380891,4,90.0,bottom,
Combined loading,Tsai-Hill,100000.0,50000.0,20000.0,3.235291004180908,323529.1004180908,161764.5502090454,64705.820083618164,1.0000000116903716,4,90.0,bottom,
Combined loading,Tsai-Wu,100000.0,50000.0,20000.0,3.2728610038757324,327286.10038757324,163643.05019378662,65457.22007751465,1.0000001635461806,4,90.0,bottom,
Combined loading,Hoffman,100000.0,50000.0,20000.0,3.265674114227295,326567.4114227295,163283.70571136475,65313.4822845459,0.9999999174422406,4,90.0,bottom,
Combined loading,Hashin,100000.0,50000.0,20000.0,3.2436766624450684,324367.66624450684,162183.83312225342,64873.53324890137,0.9999999619130825,4,90.0,bottom,matrix_tension
Combined loading,Puck,100000.0,50000.0,20000.0,3.2377829551696777,323778.2955169678,161889.1477584839,64755.659103393555,1.000000084648145,4,90.0,bottom,IFF_A_tension
