FI_range,samples,MAE,RMSE
<0.50,1120,0.0026408151719834504,0.004235237569959059
0.50–0.80,691,0.0034508826582112183,0.005974375511272595
0.80–0.90,173,0.0044637592195571054,0.013683224140535603
0.90–0.95,250,0.0037760326569535197,0.006940458084465446
0.95–1.00,240,0.004048058399956441,0.007059221914426084
1.00–1.05,288,0.003776755007760316,0.007091443355007347
1.05–1.10,252,0.004009466368681573,0.006631579450093431
1.10–1.20,380,0.0043985171891967444,0.0075876566111874955
1.20–1.50,910,0.00563067146424288,0.011513702774148824
1.50–2.00,470,0.009603135526086626,0.020481489365584585
≥2.00,226,0.01090140616322195,0.02124783308867584
