sigma_x_MPa,sigma_y_MPa
240.95766555085012,0.0
240.98408086006864,2.1030362133433447
241.01050598666595,4.2068540303798265
241.03694496364878,6.311774536094533
241.0634018324749,8.418119488288413
241.0898806455286,10.52621151468441
241.11638546861082,12.63637431116364
241.1429203834469,14.748932841391241
241.16948949021386,16.864213538094596
241.19609691009384,18.982544506260464
241.22274678785277,21.104255728521615
241.24944329445202,23.22967927300885
241.2761906296927,25.359149503949425
241.30299302490013,27.493003295299715
241.3298547456479,29.631580247706125
241.35678009452937,31.775222909096655
241.3837734139774,33.924276999213305
241.41083908913865,36.07909163840493
241.4379815508046,38.24001958100991
241.46520527840488,40.407417453668835
241.49251480306734,42.58164599891914
241.51991471074825,44.76307032443572
241.5474096454387,46.952060158295495
241.57500431245143,49.14899011065834
241.60270348179358,51.354239942271924
241.63051199162996,53.568194840225246
241.6584347518438,55.7912457013931
241.6864767476987,58.02378942403281
241.71464304361015,60.26622920801564
241.74293878703153,62.518974864195954
241.7713692124607,64.78244313344564
241.79993964557636,67.05705801590592
241.8286555075087,69.34325111103445
241.85752231925383,71.64146196905551
241.8865457062399,73.95213845445014
241.91573140305167,76.27573712215566
241.94508525832512,78.61272360717962
241.97461323981815,80.96357302836753
242.0043214396702,83.32877040710662
242.0342160798592,85.70881110178625
242.06430351786778,88.10420125888344
242.0945902525686,90.51545828158672
242.12508293034406,92.94311131692655
242.15578835144942,95.38770176243078
242.1867134766357,97.84978379338561
242.2178654340456,100.329924911843
242.24925152639747,102.82870651858188
242.28087923847423,105.34672450930412
242.31275624493284,107.88458989641923
242.3448904184541,110.44292945785664
242.37728983825076,113.02238641443006
242.4099627989541,115.62362113737233
242.44291781990208,118.24731188776124
242.47616365485015,120.8941555896622
242.50970930213032,123.5648686389312
242.543564015284,126.26018774974506
242.57773731419655,128.98087084105893
242.6122389967624,131.72769796533478
242.6470791511131,134.50147228203846
242.68226816844026,137.3030210785679
242.71781675645076,140.13319684145506
242.75373595349106,142.99287838087423
242.7900371433822,145.88297201169698
242.82673207100788,148.8044127945577
242.86383285870323,151.75816584063313
242.9013520234942,154.74522768410014
242.93930249523908,157.7666277265152
242.97769763573177,160.82342975766335
243.01655125882564,163.91673355775202
243.0558776516459,167.0476765861796
243.0956915969593,170.2174357624937
243.13600839677787,173.42722934556977
243.17684389727688,176.67831891749256
243.21821451511673,179.97201147911508
243.26013726526182,183.30966166479968
243.30262979039628,186.69267408442485
243.34571039205005,190.12250580137507
243.38939806354918,193.60066895591027
243.4337125249205,197.12873354406403
243.47867425988755,200.70833036303102
243.52430455510597,204.341154134893
243.57062554180067,208.02896682150646
243.61766023997774,211.77360114443212
243.66543260540166,215.57696432495248
243.71396757954085,219.4410420604912
243.76329114270584,223.3679027551466
243.8134303706205,227.35970202357794
243.8644134946896,231.41868748916633
243.91626996624868,235.54720389921818
243.96903052510757,239.74769858201142
244.0227272727272,244.0227272727272
239.74769858201148,243.9690305251076
235.54720389921818,243.91626996624868
231.41868748916633,243.86441349468956
227.3597020235779,243.81343037062044
223.3679027551466,243.76329114270584
219.4410420604912,243.71396757954085
215.57696432495248,243.66543260540166
211.77360114443212,243.61766023997774
208.0289668215064,243.57062554180058
204.34115413489303,243.52430455510597
200.708330363031,243.4786742598875
197.12873354406406,243.4337125249205
193.60066895591018,243.38939806354912
190.12250580137504,243.34571039205005
186.69267408442482,243.30262979039625
183.30966166479968,243.26013726526176
179.97201147911517,243.21821451511676
176.67831891749248,243.1768438972768
173.42722934556977,243.13600839677787
170.2174357624937,243.0956915969593
167.0476765861796,243.0558776516459
163.91673355775197,243.0165512588256
160.82342975766332,242.97769763573172
157.7666277265152,242.93930249523908
154.74522768410014,242.90135202349416
151.75816584063307,242.86383285870318
148.8044127945577,242.8267320710078
145.88297201169698,242.7900371433822
142.9928783808743,242.7537359534911
140.1331968414551,242.71781675645067
137.30302107856784,242.6822681684402
134.50147228203846,242.6470791511131
131.72769796533478,242.6122389967624
128.980870841059,242.57773731419658
126.26018774974501,242.54356401528398
123.56486863893122,242.5097093021303
120.89415558966213,242.47616365485007
118.24731188776123,242.44291781990202
115.62362113737233,242.409962798954
113.02238641443006,242.37728983825076
110.44292945785666,242.3448904184541
107.88458989641919,242.31275624493273
105.34672450930411,242.28087923847417
102.82870651858187,242.24925152639747
100.32992491184301,242.2178654340456
97.8497837933856,242.1867134766357
95.38770176243075,242.1557883514494
92.94311131692658,242.12508293034406
90.51545828158672,242.0945902525686
88.10420125888346,242.06430351786776
85.70881110178625,242.0342160798592
83.3287704071066,242.00432143967012
80.96357302836752,241.97461323981815
78.61272360717963,241.94508525832512
76.27573712215565,241.91573140305167
73.95213845445012,241.88654570623984
71.64146196905553,241.8575223192538
69.34325111103445,241.8286555075087
67.05705801590595,241.7999396455764
64.78244313344564,241.7713692124607
62.51897486419597,241.74293878703153
60.26622920801563,241.71464304361018
58.023789424032834,241.6864767476987
55.791245701393066,241.65843475184374
53.56819484022525,241.63051199162996
51.35423994227196,241.60270348179358
49.148990110658325,241.57500431245137
46.952060158295524,241.5474096454387
44.763070324435716,241.51991471074825
42.581645998919164,241.49251480306734
40.40741745366882,241.46520527840488
38.24001958100991,241.43798155080455
36.07909163840491,241.41083908913865
33.92427699921331,241.3837734139774
31.775222909096684,241.3567800945293
29.631580247706133,241.32985474564794
27.493003295299744,241.30299302490013
25.35914950394942,241.2761906296927
23.229679273008863,241.24944329445194
21.104255728521608,241.22274678785277
18.982544506260478,241.19609691009384
16.864213538094578,241.16948949021386
14.748932841391245,241.1429203834468
12.636374311163674,241.11638546861087
10.526211514684412,241.0898806455286
8.418119488288442,241.06340183247497
6.311774536094531,241.03694496364884
4.206854030379848,241.01050598666595
2.103036213343335,240.9840808600686
1.4754401692343357e-14,240.95766555085018
-2.102575218052648,240.93125603199002
-4.20500976824974,240.90484827999668
-6.307623892310716,240.8784382724553
-8.410737941379674,240.85202198557664
-10.514672571307344,240.82559539174426
-12.619748938328359,240.79915445705632
-14.726288895386446,240.77269513886023
-16.834615189364502,240.7462133832749
-18.945051659475247,240.71970512269903
-21.05792343707414,240.6931662733012
-23.173557147156014,240.66659273248894
-25.29228111180407,240.63998037635372
-27.414425555860777,240.6133250570871
-29.540322815098747,240.58662260036613
-31.670307547172225,240.5598688027038
-33.80471694563794,240.53305942876077
-35.94389095734128,240.50619020861478
-38.0881725034694,240.47925683498434
-40.23790770458435,240.45225496040177
-42.393446109955384,240.42518019433314
-44.555140931522516,240.39802810023923
-46.723349282831535,240.3707941925745
-48.89843242329503,240.34347393371888
-51.08075600814441,240.31606273083867
-53.270690344452476,240.2885559326701
-55.46861065362154,240.26094882622274
-57.674897340745666,240.23323663339642
-59.889936271274735,240.20541450750545
-62.114119055423906,240.1774775297069
-64.34784334079376,240.14942070532487
-66.59151311368377,240.12123896006585
-68.84553900960762,240.09292713611845
-71.11033863353865,240.06447998813096
-73.38633689044147,240.03589217905983
-75.67396632667186,240.00715827588127
-77.97366748285455,239.97827274515893
-80.28588925888128,239.94922994845962
-82.61108929170133,239.92002413760773
-84.94973434661476,239.89064944977028
-87.30230072281222,239.86109990236358
-89.66927467394822,239.8313693877702
-92.0511528445739,239.80145166785718
-94.44844272330303,239.77134036828417
-96.86166311363233,239.74102897258953
-99.29134462338735,239.71051081604264
-101.73803017382306,239.67977907924936
-104.20227552946409,239.64882678149704
-106.68464984983494,239.61764677382413
-109.18573626429539,239.58623173180013
-111.70613247127142,239.55457414799918
-114.24645136324482,239.52266632414953
-116.8073216789508,239.49050036294136
-119.38938868431892,239.45806815947432
-121.99331488378935,239.42536139232286
-124.61978076373387,239.39237151419798
-127.2694855698253,239.35908974218347
-129.94314812031047,239.32550704752106
-132.64150765727098,239.29161414491713
-135.36532473808796,239.25740148134628
-138.11538216947258,239.22285922431922
-140.8924859865798,239.18797724958426
-143.69746647988822,239.15274512822924
-146.53117927271288,239.11715211314768
-149.3945064524049,239.08118712482963
-152.2883577585082,239.0448387364387
-155.2136718313613,239.00809515812773
-158.1714175248836,238.97094422055088
-161.16259528753616,238.93337335751647
-164.18823861574336,238.89536958773246
-167.2494155843565,238.85691949558225
-170.3472304590781,238.81800921087188
-173.48282539612333,238.77862438748156
-176.65738223477928,238.73875018085
-179.87212438894767,238.69837122421518
-183.1283188442116,238.65747160353087
-186.42727826746133,238.61603483096778
-189.77036323665206,238.57404381690705
-193.15898459885312,238.53148084032162
-196.59460596538256,238.48832751743612
-200.07874635351328,238.44456476854512
-203.61298298499648,238.400172782863
-207.19895425246165,238.35513098126322
-210.83836286566242,238.30941797676044
-214.5329791905092,238.26301153257032
-218.28464479490992,238.2158885175715
-222.09527621660806,238.1680248589796
-225.9668689694994,238.11939549202594
-229.90150180631383,238.0699743064153
-233.90134125709957,238.01973408932048
-236.61352652091472,236.61352652091477
-238.8236520962497,234.6913492822784
-241.03512075722654,232.76491044952115
-243.2482256435467,230.83394705199157
-245.4632607019791,228.89819369713734
-247.68052082985744,226.95738243327023
-249.90030201946666,225.0112426095795
-252.12290150344933,223.05950073325133
-254.34861790136708,221.1018803235453
-256.57775136755197,219.13810176267373
-258.81060374038543,217.1678821433267
-261.0474786931433,215.19093511267545
-263.2886818865479,213.206970712686
-265.53452112317086,211.21569521656232
-267.78530650383203,209.21681096113983
-270.0413505861424,207.21001617503524
-272.3029685453422,205.19500480235632
-274.57047833758674,203.17146632176676
-276.84420086584,201.13908556069134
-279.12446014853106,199.09754250444124
-281.41158349114335,197.04651210002962
-283.7059016608962,194.98566405443572
-286.00774906469877,192.91466262707092
-288.3174639305432,190.8331664161862
-290.6353884925233,188.74082813895313
-292.9618691796563,186.6372944049343
-295.2972568087027,184.5222054826563
-297.64190678117325,182.39519505897516
-299.99617928472225,180.25588999092128
-302.36043949913307,178.1039100496918
-304.7350578071024,175.9388676564467
-307.1204100100407,173.76036760954779
-309.51687754910756,171.5680068028687
-311.92484773171117,169.3613739347842
-314.34471396370185,167.14004920742997
-316.77687598750333,164.90360401581088
-319.2217401264248,162.65160062631034
-321.67971953540876,160.38359184414102
-324.15123445847416,158.099120669251
-326.63671249312125,155.79771994018228
-329.13658886197527,153.47891196535232
-331.6513066919484,151.14220814121055
-334.18131730121013,148.78710855669266
-336.72708049426456,146.4131015833726
-339.28906486543707,144.01966345068507
-341.8677481110861,141.60625780556097
-344.4636173508561,139.17233525579212
-347.07716945830344,136.7173328964082
-349.70891140122706,134.2406738183177
-352.35936059205085,131.74176659842968
-355.0290452486027,129.22000477044017
-357.71850476565106,126.67476627542815
-360.42829009756036,124.10541289136802
-363.1589641524347,121.51128964062582
-365.9111021981276,118.8917241744636
-368.68529228049226,116.24602613353335
-371.48213565426283,113.57348648329624
-374.3022472269478,110.8733768232548
-377.1462560161302,108.14494866883541
-380.0148056205601,105.38743270471002
-382.9085547054312,102.60003800828878
-385.82817750222864,99.781951242062
-388.7743643235281,96.9323358134124
-391.7478220931239,94.0503310004553
-394.7492748918524,91.13505104240971
-397.77946451946246,88.18558419293146
-400.83915107287316,85.20099173478046
-403.9291135411367,82.18030695412084
-407.0501504174001,79.1225340726891
-410.2030803281308,76.02664713598935
-413.388742679838,72.89158885560435
-416.607998323475,69.71626940363797
-419.8617302366692,66.49956515722634
-423.15084422385837,63.24031739098451
-426.47626963435204,59.93733091517394
-429.838960098262,56.58937265730518
-433.23989428015545,53.195170184809726
-436.6800766501798,49.75341016634749
-440.1605382723003,46.26273676923876
-443.68233760915234,42.72174999044423
-447.24656134286175,39.12900391845217
-450.8543252110156,35.48300492336859
-454.50677485676675,31.782209772460657
-458.2050866918389,28.025023668352617
-461.9504687709401,24.209798207044837
-465.7441616758209,20.33482925290086
-469.587439406875,16.398354727747616
-473.4816102798346,12.39855231124021
-477.42801782469365,8.333537049680215
-481.42804168353183,4.201358870536105
-485.483098503403,5.945453226223317e-14
-489.5946428198545,-4.272627718952534
-493.7641679260011,-8.618685610375742
-497.993206721333,-13.04041105319273
-502.2833325336167,-17.540120474953266
-506.63615990631394,-22.120212453057274
-511.0533453429129,-26.783170924591076
-515.5365879983945,-31.531568505422566
-520.0876303067515,-36.36806991860617
-524.7082585320318,-41.295435531444
-529.4003032287218,-46.31652499969965
-534.165639595483,-51.434301016478564
-539.0061877041971,-56.65183316211732
-543.9239125840094,-61.97230185007011
-548.9208241375087,-67.39900236218442
-553.9989768633507,-72.9353489649219
-559.160469356468,-78.58487909593903
-564.4074435534925,-84.35125760797078
-569.7420836870918,-90.23828105411508
-575.1666149085669,-96.24988199532757
-580.6833015332194,-102.39013330717579
-586.294444857615,-108.6632524585745
-592.0023804919274,-115.07360573028603
-597.8094751439298,-121.62571233530724
-603.7181227839295,-128.32424839683242
-609.7307401118725,-135.17405073213166
-615.8497612389764,-142.1801203823524
-622.0776314864813,-149.34762581877206
-628.4168001933915,-156.6819057453203
-634.869712413335,-164.1884714050556
-641.4387993678561,-171.873008284606
-648.1264675094908,-179.74137709518317
-650.0845043250451,-186.4087319685084
-651.8836277353666,-193.0967276800527
-653.7021405633992,-199.85680090543306
-655.5406394805519,-206.69116968917237
-657.399740503149,-213.6021239878745
-659.2800798797504,-220.59202896871724
-661.1823150252919,-227.6633284819944
-663.1071255050263,-234.81854871877434
-665.0552140714498,-242.06030206554485
-667.0273077576521,-249.39129116858177
-669.0241590307605,-256.8143132217236
-671.0465470094367,-264.3322644922521
-673.0952787496822,-271.9481451006969
-675.1711906035263,-279.6650640715705
-677.2751496555252,-287.4862446733614
-679.4080552423882,-295.4150300675321
-681.5708405614522,-303.4548892878093
-683.7644743741945,-311.6094235727576
-685.9899628114551,-319.8823730764441
-688.2483512875846,-328.27762398402626
-690.5407265313247,-336.7992160612737
-692.868218741874,-345.4513506694402
-695.2320038792823,-354.2383992795036
-697.6333060991116,-363.16491252267787
-700.073400342125,-372.23562981723023
-702.5536150907038,-381.45548961508615
-705.0753353047106,-390.82964031549704
-707.6400055506266,-400.3634518971868
-710.2491333390374,-410.0625283249918
-712.9042926868763,-419.93272079202245
-715.6071279223534,-429.9801418639598
-718.3593577521204,-440.21118059819463
-721.1627796120716,-450.63251871732416
-724.0192743251669,-461.2511479239861
-726.9308110919224,-472.0743884523195
-729.899452841669,-483.10990896053625
-732.9273619754262,-494.3657478792769
-736.0168065343034,-505.85033634179433
-739.1701668307147,-517.5725228345952
-742.3899425834974,-529.5415997212646
-745.6787606022224,-541.7673318078429
-749.0393830707137,-554.2599871356801
-752.4747164850593,-567.0303702072682
-755.987821307297,-580.0898578725047
-759.5819224025972,-593.4504381274899
-763.2604203351876,-607.1247521055918
-767.0269036066619,-621.1261395716808
-770.8851619297293,-635.468688265488
-774.839200641138,-650.1672874796773
-778.8932563695306,-665.2376863029601
-783.0518140876449,-680.6965570093269
-787.3196256937481,-696.561564131988
-791.7017302847779,-712.8514398260116
-796.2034763037075,-729.5860661981299
-800.8305457664935,-746.7865653671121
-805.5889808001026,-764.4753981152512
-810.4852127530204,-782.676472102715
-815.5260941740164,-801.4152607442343
-820.7189339944218,-820.7189339944216
-801.4152607442351,-815.5260941740165
-782.6764721027146,-810.48521275302
-764.4753981152505,-805.5889808001023
-746.7865653671124,-800.8305457664934
-729.5860661981301,-796.2034763037072
-712.8514398260114,-791.7017302847778
-696.5615641319876,-787.3196256937479
-680.6965570093272,-783.051814087645
-665.2376863029597,-778.8932563695304
-650.1672874796776,-774.839200641138
-635.4686882654877,-770.8851619297291
-621.1261395716814,-767.026903606662
-607.1247521055922,-763.2604203351876
-593.4504381274894,-759.581922402597
-580.0898578725053,-755.9878213072973
-567.030370207268,-752.474716485059
-554.2599871356812,-749.0393830707138
-541.7673318078432,-745.6787606022225
-529.541599721264,-742.389942583497
-517.5725228345956,-739.1701668307147
-505.850336341794,-736.0168065343032
-494.3657478792767,-732.927361975426
-483.10990896053653,-729.899452841669
-472.07438845231917,-726.9308110919221
-461.2511479239864,-724.0192743251669
-450.6325187173244,-721.1627796120715
-440.2111805981944,-718.3593577521203
-429.98014186395994,-715.6071279223531
-419.9327207920221,-712.904292686876
-410.0625283249919,-710.2491333390371
-400.3634518971871,-707.6400055506265
-390.8296403154967,-705.0753353047102
-381.45548961508644,-702.5536150907038
-372.23562981722995,-700.0734003421247
-363.16491252267855,-697.6333060991116
-354.2383992795039,-695.2320038792823
-345.45135066944005,-692.8682187418739
-336.79921606127397,-690.5407265313248
-328.27762398402604,-688.2483512875843
-319.88237307644386,-685.9899628114549
-311.60942357275775,-683.7644743741944
-303.45488928780895,-681.5708405614517
-295.4150300675322,-679.408055242388
-287.4862446733616,-677.2751496555251
-279.6650640715703,-675.1711906035262
-271.9481451006971,-673.095278749682
-264.33226449225185,-671.0465470094365
-256.8143132217238,-669.0241590307605
-249.39129116858206,-667.0273077576521
-242.06030206554468,-665.0552140714494
-234.81854871877454,-663.1071255050261
-227.66332848199428,-661.1823150252919
-220.59202896871776,-659.2800798797504
-213.60212398787473,-657.399740503149
-206.6911696891722,-655.5406394805517
-199.8568009054333,-653.7021405633992
-193.0967276800526,-651.8836277353665
-186.40873196850825,-650.084504325045
-179.7413770951835,-648.1264675094912
-171.87300828460573,-641.4387993678555
-164.1884714050558,-634.8697124133352
-156.68190574532056,-628.4168001933919
-149.34762581877192,-622.0776314864811
-142.18012038235258,-615.8497612389764
-135.17405073213152,-609.7307401118721
-128.32424839683264,-603.7181227839297
-121.6257123353075,-597.8094751439301
-115.07360573028593,-592.0023804919273
-108.66325245857473,-586.2944448576151
-102.39013330717569,-580.6833015332193
-96.24988199532748,-575.1666149085669
-90.23828105411529,-569.742083687092
-84.35125760797068,-564.4074435534924
-78.58487909593926,-559.1604693564683
-72.93534896492208,-553.9989768633508
-67.39900236218433,-548.9208241375086
-61.97230185007029,-543.9239125840095
-56.65183316211725,-539.0061877041971
-51.434301016478734,-534.1656395954831
-46.316524999699816,-529.4003032287218
-41.295435531443914,-524.7082585320317
-36.36806991860634,-520.0876303067517
-31.531568505422488,-515.5365879983945
-26.78317092459148,-511.0533453429134
-22.12021245305743,-506.636159906314
-17.54012047495319,-502.2833325336166
-13.040411053192887,-497.9932067213332
-8.618685610375671,-493.764167926001
-4.2726277189524655,-489.5946428198544
-8.918179839334975e-14,-485.483098503403
4.201358870536171,-481.42804168353183
8.333537049680068,-477.4280178246937
12.398552311240067,-473.4816102798348
16.39835472774768,-469.5874394068749
20.334829252900725,-465.7441616758211
24.209798207044894,-461.95046877094
28.025023668352482,-458.20508669183897
31.782209772460526,-454.5067748567669
35.48300492336864,-450.85432521101546
39.12900391845204,-447.24656134286187
42.72174999044428,-443.6823376091522
46.26273676923845,-440.1605382723006
49.75341016634737,-436.68007665017996
53.195170184809776,-433.23989428015534
56.589372657305056,-429.83896009826213
59.93733091517399,-426.4762696343519
63.24031739098456,-423.1508442238583
66.49956515722623,-419.86173023666936
69.71626940363801,-416.60799832347493
72.89158885560423,-413.38874267983806
76.02664713598925,-410.20308032813097
79.12253407268915,-407.05015041739995
82.18030695412071,-403.92911354113676
85.20099173478052,-400.8391510728731
88.18558419293136,-397.7794645194626
91.13505104240961,-394.7492748918525
94.05033100045534,-391.74782209312383
96.9323358134123,-388.7743643235283
99.78195124206202,-385.8281775022286
102.6000380082885,-382.90855470543136
105.38743270470994,-380.0148056205602
108.14494866883547,-377.1462560161301
110.87337682325472,-374.3022472269479
113.57348648329628,-371.4821356542628
116.24602613353338,-368.6852922804922
118.89172417446349,-365.91110219812765
121.51128964062585,-363.15896415243463
124.1054128913679,-360.4282900975604
126.67476627542807,-357.7185047656511
129.22000477044023,-355.02904524860276
131.74176659842956,-352.35936059205085
134.2406738183178,-349.70891140122706
136.71733289640812,-347.07716945830356
139.17233525579204,-344.46361735085617
141.60625780556097,-341.867748111086
144.019663450685,-339.2890648654372
146.41310158337262,-336.7270804942645
148.78710855669246,-334.18131730121036
151.14220814121046,-331.65130669194843
153.47891196535232,-329.1365888619752
155.79771994018216,-326.6367124931213
158.09912066925102,-324.1512344584741
160.38359184414105,-321.6797195354087
162.65160062631028,-319.22174012642483
164.90360401581097,-316.7768759875033
167.1400492074299,-314.34471396370196
169.36137393478415,-311.9248477317112
171.56800680286875,-309.51687754910756
173.76036760954767,-307.12041001004076
175.93886765644675,-304.73505780710235
178.10391004969173,-302.3604394991331
180.25588999092122,-299.9961792847223
182.3951950589752,-297.6419067811732
184.52220548265623,-295.2972568087028
186.6372944049343,-292.9618691796562
188.74082813895293,-290.6353884925235
190.83316641618615,-288.3174639305433
192.91466262707092,-286.0077490646987
194.98566405443563,-283.70590166089625
197.04651210002962,-281.4115834911433
199.09754250444126,-279.12446014853106
201.13908556069126,-276.8442008658401
203.17146632176684,-274.5704783375868
205.19500480235624,-272.30296854534225
207.21001617503515,-270.04135058614247
209.21681096113986,-267.785306503832
211.2156952165622,-265.5345211231709
213.206970712686,-263.28868188654786
215.19093511267542,-261.04747869314343
217.1678821433266,-258.81060374038555
219.13810176267376,-256.5777513675519
221.10188032354523,-254.34861790136716
223.05950073325133,-252.12290150344924
225.01124260957926,-249.90030201946672
226.95738243327014,-247.68052082985753
228.89819369713743,-245.4632607019791
230.8339470519915,-243.24822564354676
232.76491044952118,-241.03512075722648
234.69134928227845,-238.82365209624967
236.6135265209147,-236.6135265209148
238.01973408932054,-233.90134125709955
238.0699743064154,-229.90150180631406
238.11939549202592,-225.9668689694995
238.1680248589797,-222.09527621660806
238.2158885175715,-218.28464479491007
238.26301153257023,-214.53297919050908
238.30941797676047,-210.8383628656626
238.35513098126324,-207.19895425246182
238.40017278286297,-203.6129829849964
238.44456476854515,-200.07874635351342
238.48832751743612,-196.5946059653825
238.5314808403216,-193.1589845988534
238.57404381690702,-189.77036323665217
238.61603483096778,-186.4272782674613
238.6574716035309,-183.12831884421178
238.6983712242152,-179.87212438894764
238.73875018085,-176.6573822347792
238.77862438748167,-173.48282539612353
238.8180092108719,-170.34723045907808
238.85691949558225,-167.24941558435665
238.89536958773246,-164.18823861574347
238.9333733575165,-161.16259528753613
238.97094422055085,-158.17141752488368
239.0080951581278,-155.2136718313613
239.04483873643866,-152.28835775850825
239.08118712482954,-149.39450645240493
239.1171521131476,-146.5311792727128
239.15274512822927,-143.69746647988833
239.1879772495842,-140.89248598657971
239.22285922431922,-138.1153821694728
239.25740148134636,-135.36532473808808
239.2916141449171,-132.64150765727092
239.325507047521,-129.94314812031055
239.3590897421835,-127.26948556982528
239.3923715141979,-124.61978076373377
239.42536139232283,-121.99331488378941
239.45806815947435,-119.38938868431887
239.49050036294133,-116.80732167895087
239.52266632414944,-114.24645136324487
239.55457414799918,-111.70613247127139
239.58623173180013,-109.18573626429549
239.61764677382405,-106.68464984983487
239.64882678149704,-104.20227552946425
239.6797790792494,-101.7380301738231
239.71051081604259,-99.29134462338726
239.74102897258945,-96.86166311363239
239.77134036828411,-94.44844272330302
239.80145166785712,-92.05115284457403
239.83136938777022,-89.66927467394832
239.86109990236352,-87.30230072281218
239.89064944977028,-84.94973434661483
239.92002413760773,-82.61108929170135
239.94922994845967,-80.28588925888121
239.978272745159,-77.97366748285467
240.00715827588127,-75.67396632667183
240.03589217905989,-73.38633689044163
240.06447998813096,-71.11033863353866
240.09292713611842,-68.84553900960758
240.12123896006588,-66.59151311368386
240.14942070532487,-64.34784334079372
240.17747752970695,-62.114119055424055
240.20541450750545,-59.88993627127475
240.23323663339642,-57.67489734074563
240.26094882622274,-55.46861065362162
240.28855593267,-53.27069034445247
240.3160627308386,-51.08075600814454
240.34347393371885,-48.8984324232951
240.3707941925745,-46.7233492828315
240.39802810023923,-44.5551409315226
240.42518019433314,-42.393446109955406
240.45225496040177,-40.237907704584266
240.4792568349843,-38.088172503469465
240.50619020861478,-35.94389095734125
240.53305942876077,-33.80471694563808
240.5598688027038,-31.670307547172246
240.58662260036613,-29.540322815098712
240.61332505708708,-27.41442555586085
240.63998037635372,-25.292281111804037
240.66659273248894,-23.173557147156142
240.69316627330113,-21.05792343707416
240.71970512269903,-18.945051659475215
240.74621338327492,-16.834615189364577
240.7726951388602,-14.726288895386466
240.79915445705632,-12.619748938328485
240.82559539174426,-10.514672571307418
240.85202198557664,-8.410737941379642
240.87843827245527,-6.307623892310843
240.90484827999663,-4.205009768249759
240.93125603199007,-2.1025752180525616
240.95766555085018,-5.901760676937343e-14
