id,experimental_set,sigma_x_MPa,sigma_y_MPa,experimental_resultant_MPa,predicted_first_ply_resultant_MPa,experimental_to_predicted_ratio,percent_difference,point_hashin_FI,governing_failure_mode,governing_ply,governing_surface,loading_quadrant
1,Set 1 - 96 mm tubes [14],-305.82,0.0,305.82,485.483098503403,0.6299292414972842,-37.007075850271576,0.3632896331177076,matrix_compression,2,bottom,Compression–Tension
2,Set 1 - 96 mm tubes [14],-328.4,0.0,328.4,485.483098503403,0.6764396145043101,-32.356038549568986,0.42609831563914985,matrix_compression,2,bottom,Compression–Tension
3,Set 1 - 96 mm tubes [14],-368.43,0.0,368.43,485.483098503403,0.7588935662966596,-24.11064337033404,0.5496087149649844,matrix_compression,2,bottom,Compression–Tension
4,Set 1 - 96 mm tubes [14],-393.06,0.0,393.06,485.483098503403,0.8096265373844829,-19.03734626155171,0.6333318327688033,matrix_compression,2,bottom,Compression–Tension
5,Set 1 - 96 mm tubes [14],-281.19,161.97,324.5028459043156,351.9898055419815,0.9219097848719157,-7.8090215128084335,0.8471601557081415,matrix_compression,2,bottom,Compression–Tension
6,Set 1 - 96 mm tubes [14],-369.45,203.73,421.89953235337913,354.1487442919005,1.1913060236792377,19.130602367923764,1.428600195347283,matrix_compression,2,bottom,Compression–Tension
7,Set 1 - 96 mm tubes [14],-264.77,243.46,359.6886493899967,335.8759967720858,1.070897155041625,7.089715504162508,1.147268204652384,matrix_compression,2,bottom,Compression–Tension
8,Set 1 - 96 mm tubes [14],-281.19,312.73,420.5566180670565,320.4190571954032,1.3125206151848383,31.25206151848383,1.7227103652851865,matrix_tension,4,bottom,Compression–Tension
9,Set 1 - 96 mm tubes [14],-213.46,387.1,442.0538220624272,273.271936542278,1.617633437431424,61.76334374314241,2.6167379378962057,matrix_tension,4,bottom,Compression–Tension
10,Set 1 - 96 mm tubes [14],-248.35,399.32,470.2490668783937,281.5582004350158,1.6701664741138595,67.01664741138596,2.7894560512539206,matrix_tension,4,bottom,Compression–Tension
11,Set 1 - 96 mm tubes [14],-300.69,405.43,504.7652533604111,297.2263581705479,1.6982519870286128,69.82519870286129,2.88405981144663,matrix_tension,4,bottom,Compression–Tension
12,Set 1 - 96 mm tubes [14],-232.96,514.44,564.7290281187961,263.01643316366176,2.1471245021690106,114.71245021690106,4.610143627814522,matrix_tension,4,bottom,Compression–Tension
13,Set 1 - 96 mm tubes [14],-87.23,777.26,782.1394891577844,242.12903654512544,3.2302589574465084,223.02589574465082,10.4345729321634,matrix_tension,4,bottom,Compression–Tension
14,Set 1 - 96 mm tubes [14],-28.73,644.83,645.4697063379505,241.06180372025185,2.677610871471812,167.7610871471812,7.169599979024035,matrix_tension,4,bottom,Compression–Tension
15,"Set 2 - 96 mm tubes, 1 mm thick [22]",428.7,857.4,958.6023419541598,271.1014527532966,3.535954279177145,253.59542791771452,12.502972664431171,matrix_tension,4,bottom,Tension–Tension
16,"Set 2 - 96 mm tubes, 1 mm thick [22]",423.5,847.1,947.0642322461555,271.0948501040653,3.493479244930715,249.3479244930715,12.204397234761673,matrix_tension,4,bottom,Tension–Tension
17,"Set 2 - 96 mm tubes, 1 mm thick [22]",38.7,721.9,722.9365808976607,241.46625027831698,2.993944619856378,199.3944619856378,8.963704386766953,matrix_tension,4,bottom,Tension–Tension
18,"Set 2 - 96 mm tubes, 1 mm thick [22]",220.0,677.1,711.9441059521457,254.39575747027635,2.798569099704147,179.85690997041468,7.8319890058188735,matrix_tension,4,bottom,Tension–Tension
19,"Set 2 - 96 mm tubes, 1 mm thick [22]",202.0,730.5,757.9144080963232,250.87174054921704,3.0211230903770625,202.11230903770624,9.127184727209453,matrix_tension,4,bottom,Tension–Tension
20,"Set 2 - 96 mm tubes, 1 mm thick [22]",18.1,677.6,677.8416998090336,241.1245164097,2.811168726855206,181.1168726855206,7.90266961084872,matrix_tension,4,bottom,Tension–Tension
21,"Set 3 - 96 mm tubes, 1 mm thick [15]",46.9,667.0,668.6468499888413,241.7661260935225,2.765676320305469,176.5676320305469,7.648965508698393,matrix_tension,4,bottom,Tension–Tension
22,"Set 3 - 96 mm tubes, 1 mm thick [15]",172.2,790.0,808.5498376723601,247.29260443665285,3.269607837704182,226.96078377041823,10.690335412376617,matrix_tension,4,bottom,Tension–Tension
23,"Set 3 - 96 mm tubes, 1 mm thick [15]",35.8,718.0,718.8919529386875,241.40818983181248,2.9779103742898485,197.79103742898485,8.867950197303102,matrix_tension,4,bottom,Tension–Tension
24,"Set 3 - 96 mm tubes, 1 mm thick [15]",124.8,696.0,707.100445481404,245.353273079552,2.881968667490071,188.19686674900709,8.305743400394498,matrix_tension,5,top,Tension–Tension
25,"Set 3 - 96 mm tubes, 1 mm thick [15]",54.5,723.0,725.0512050883027,241.87028795779167,2.9976861201522613,199.76861201522613,8.98612207495351,matrix_tension,4,bottom,Tension–Tension
26,"Set 3 - 96 mm tubes, 1 mm thick [15]",254.0,774.0,814.6115638756916,254.65030033029024,3.198942089677932,219.8942089677932,10.233230493113016,matrix_tension,4,bottom,Tension–Tension
27,"Set 3 - 96 mm tubes, 1 mm thick [15]",450.0,849.0,960.8855290824189,274.54005100891834,3.499983064588288,249.99830645882878,12.249881452404818,matrix_tension,4,bottom,Tension–Tension
28,"Set 3 - 96 mm tubes, 1 mm thick [15]",442.0,813.0,925.3826235671384,276.15149498616165,3.3509962479598765,235.09962479598764,11.229175853841165,matrix_tension,4,bottom,Tension–Tension
29,"Set 3 - 96 mm tubes, 1 mm thick [15]",504.0,908.0,1038.4989167062236,277.5232838615821,3.7420244609968893,274.2024460996889,14.00274706669906,matrix_tension,4,bottom,Tension–Tension
30,"Set 3 - 96 mm tubes, 1 mm thick [15]",728.0,969.0,1212.000412541184,304.25482195228585,3.9835043690162237,298.3504369016224,15.868307057971343,matrix_tension,4,bottom,Tension–Tension
31,"Set 4 - 38.1 mm tubes, ~2 mm thick [17]",-733.0,0.0,733.0,485.483098503403,1.509836289377769,50.983628937776906,2.3902944596309403,matrix_compression,2,bottom,Compression–Tension
32,"Set 4 - 38.1 mm tubes, ~2 mm thick [17]",-537.0,0.0,537.0,485.483098503403,1.1061147167747094,10.611471677470941,1.2403676902983927,matrix_compression,2,bottom,Compression–Tension
33,"Set 4 - 38.1 mm tubes, ~2 mm thick [17]",-640.0,0.0,640.0,485.483098503403,1.318274522785501,31.827452278550105,1.7981801674995506,matrix_compression,2,bottom,Compression–Tension
34,Set 5 - 51.8 mm tubes [16],0.0,652.0,652.0,240.95766555085018,2.705869508278441,170.5869508278441,7.321729795831005,matrix_tension,4,bottom,Tension–Tension
35,Set 5 - 51.8 mm tubes [16],0.0,761.0,761.0,240.95766555085018,3.158231128527444,215.8231128527444,9.974423861199726,matrix_tension,4,top,Tension–Tension
36,Set 5 - 51.8 mm tubes [16],0.0,752.0,752.0,240.95766555085018,3.120880169057343,212.0880169057343,9.739893029615386,matrix_tension,5,top,Tension–Tension
37,Set 5 - 51.8 mm tubes [16],0.0,-404.0,404.0,485.483098503403,0.8321607925083475,-16.783920749165247,0.6724078766167745,matrix_compression,2,bottom,Tension–Compression
38,Set 5 - 51.8 mm tubes [16],0.0,-329.0,329.0,485.483098503403,0.6776754968694216,-32.23245031305784,0.42783477365317213,matrix_compression,2,bottom,Tension–Compression
39,Set 5 - 51.8 mm tubes [16],-418.0,-304.0,516.8558793319469,922.2549538655892,0.5604262434867595,-43.95737565132405,0.31407757438868067,fiber_compression,4,bottom,Compression–Compression
40,Set 5 - 51.8 mm tubes [16],-638.0,-190.0,665.6906188313006,680.4935175205684,0.9782468189510412,-2.1753181048958847,0.9569668387878313,fiber_compression,4,bottom,Compression–Compression
41,Set 5 - 51.8 mm tubes [16],-275.0,-301.0,407.70822900697016,1077.4250973705,0.3784098124333643,-62.15901875666356,0.14319398614585388,fiber_compression,1,bottom,Compression–Compression
42,Set 5 - 51.8 mm tubes [16],-187.0,-334.0,382.78584090846414,809.4882177592666,0.47287388810679476,-52.712611189320526,0.22360971405323746,fiber_compression,1,bottom,Compression–Compression
43,Set 5 - 51.8 mm tubes [16],-188.0,-338.0,386.76607917447984,807.2883732623753,0.4790928396645912,-52.09071603354087,0.22952994901788176,fiber_compression,1,bottom,Compression–Compression
