actual_failed,actual_hashin_fi,predicted_probability,predicted_class,distance_from_boundary
0,0.9998165774151528,0.9890927,1,0.00018342258484715934
1,1.0005772498340206,0.101339,0,0.0005772498340206322
0,0.9989606662432464,0.7587425,1,0.0010393337567535799
1,1.0017585387545342,0.3129644,0,0.0017585387545342446
0,0.998215101537931,0.87605906,1,0.0017848984620689734
0,0.9980519456342788,0.7250811,1,0.001948054365721208
0,0.99782394068874,0.52636385,1,0.00217605931125997
0,0.9973377480511294,0.86721313,1,0.0026622519488705976
1,1.0034613591185315,0.2775122,0,0.003461359118531515
0,0.9955390878397344,0.943413,1,0.004460912160265562
1,1.0044689184815614,0.0033777952,0,0.00446891848156139
1,1.0047713184489009,0.22666405,0,0.004771318448900885
1,1.0056813017264072,0.31235346,0,0.00568130172640724
1,1.0057627323771583,0.030032642,0,0.005762732377158297
0,0.993853540359462,0.7662506,1,0.006146459640537949
1,1.0066632941774514,0.007117596,0,0.006663294177451373
1,1.0072183858565316,0.46534848,0,0.007218385856531562
1,1.0078506344910447,0.22106136,0,0.007850634491044728
1,1.0088984634703182,0.0059101083,0,0.008898463470318196
0,0.9909975015651208,0.8470589,1,0.009002498434879214
0,0.9893826112046435,0.95210624,1,0.010617388795356453
0,0.9891320456995224,0.6835603,1,0.0108679543004776
1,1.0111387979925195,0.028612306,0,0.011138797992519489
0,0.9881246086173155,0.5281074,1,0.011875391382684453
0,0.9876618387620022,0.7574597,1,0.012338161237997802
0,0.987418291427436,0.714221,1,0.012581708572564021
1,1.012813115173123,0.25408515,0,0.012813115173123002
0,0.987175984955562,0.91519356,1,0.012824015044437975
0,0.9867964856140652,0.89647865,1,0.013203514385934811
0,0.9863573094997624,0.6885052,1,0.013642690500237586
0,0.986022994450918,0.5224688,1,0.013977005549081989
0,0.985759952574234,0.96973157,1,0.014240047425766011
0,0.9856823475140098,0.7246376,1,0.014317652485990151
0,0.9853940603889298,0.59577954,1,0.014605939611070151
1,1.0150198371966217,0.0038934853,0,0.0150198371966217
0,0.9827323038833904,0.9761247,1,0.01726769611660961
0,0.9824640925182382,0.8488702,1,0.017535907481761814
0,0.9810580638650752,0.89976716,1,0.018941936134924786
1,1.0195260412735163,0.15268654,0,0.019526041273516315
0,0.9796223892422936,0.7361697,1,0.020377610757706388
0,0.9772328815336307,0.8829486,1,0.02276711846636925
0,0.9755759989756034,0.9002374,1,0.02442400102439657
0,0.9749483382376846,0.8854915,1,0.025051661762315436
1,1.0252463268274894,0.37433442,0,0.025246326827489396
1,1.0253734283107396,0.4839115,0,0.025373428310739632
0,0.974460864888396,0.9931462,1,0.025539135111603994
0,0.9733785793079984,0.5133825,1,0.026621420692001574
1,1.0275663709152691,0.02980273,0,0.027566370915269145
0,0.9718864077126308,0.7867984,1,0.028113592287369205
0,0.9701919444388916,0.9190068,1,0.029808055561108437
0,0.9689625726179548,0.62821317,1,0.03103742738204518
0,0.9604622252318202,0.51817465,1,0.03953777476817977
1,1.0420076316248477,0.043110054,0,0.04200763162484766
1,1.0420997041214632,0.07317208,0,0.042099704121463244
0,0.956901690222796,0.99897534,1,0.04309830977720397
1,1.043183824719084,0.3915688,0,0.04318382471908411
0,0.9565338467120796,0.78037477,1,0.04346615328792036
0,0.9553458874282889,0.51919115,1,0.044654112571711146
1,1.0451282313514625,0.00018068167,0,0.04512823135146249
0,0.9540024510150742,0.9999544,1,0.04599754898492581
0,0.9534906181717708,1.0,1,0.04650938182822917
0,0.9533506339801804,0.8994309,1,0.046649366019819616
1,1.048656004135501,0.2180691,0,0.048656004135501085
0,0.9492787149628896,0.7414503,1,0.050721285037110375
1,1.0510644476439006,0.013617792,0,0.05106444764390061
0,0.9484683571318506,0.63595283,1,0.051531642868149374
0,0.9476581210041526,0.762254,1,0.05234187899584741
1,1.0616318709404995,0.2600716,0,0.06163187094049949
1,1.0735591683624446,0.00053415314,0,0.07355916836244458
1,1.0802654041908604,0.006248998,0,0.08026540419086037
0,0.9053953245106752,0.8209263,1,0.09460467548932483
0,0.9052324826018256,0.9763957,1,0.09476751739817435
1,1.1039569660726605,0.4256447,0,0.10395696607266047
1,1.1061964720776396,0.0051439707,0,0.1061964720776396
1,1.1188859474262256,0.17317457,0,0.1188859474262256
1,1.1371862659946184,0.27249703,0,0.13718626599461836
0,0.7987078425586315,0.9973236,1,0.20129215744136852
1,1.3238154490819236,0.15970582,0,0.3238154490819236
1,1.3437953909197362,0.021025375,0,0.3437953909197362
